X,Y,Ügyirat,Bejelenté,Bejelent_1,GPS széle,GPS hossz�,GPS szé_1,GPS hoss_1,HRSZ,Hulladék,Terület k,Hulladé_1,Hulladé_2,Hulladé_3,Ellenőrz�,Ügyintéz,Intézked�,field_17,Ügyiratsz,Tájékozt,icon_url
16.6306410067464,47.2141170017872,VA/AKF-KTO/2212-1/2021.,2021/03/05,HR/20210305/0014,47.214117000000002,16.630641000000001,,,10843/2,SZOMBATHELY,SZOMBATHELY,Vegyes,kevesebb mint 1m3,Ömlesztve szabadon,2021/03/31,Haszonics Petra,Elszállítva,,VA/KTHF-HO/00052-1/2021,Visszaellenőrizve,./0.png
16.6178530067484,47.2283010017884,VA/AKF-KTO/2212-1/2021.,2021/03/06,HR/20210306/0011,47.228301000000002,16.617853000000000,,,"5891",SZOMBATHELY,SZOMBATHELY,Vegyes,1-5m3,Egyéb tárolóedényben,2021/03/31,Szűcs Zoltán,Hulladék szállítása megtörtént,,VA/KTHF-HO/00051-1/2021,,./0.png
16.9615030067115,47.4085830017507,VA/AKF-KTO/2212-1/2021.,2021/03/07,HR/20210307/0007,47.408583000000000,16.961503000000000,,,"0136",VÁMOSCSALÁD,VÁMOSCSALÁD,Gumiabroncs,1-5m3,Ömlesztve szabadon,2021/04/09,Novák Mónika,Felhívás nyilatkozattételre,,VA/KTHF-HO/00066-1/2021,ELSZÁLLÍTVA,./0.png
16.7152200067359,47.2070220017785,VA/AKF-KTO/2212-1/2021.,2021/03/07,HR/20210307/0070,47.207022000000002,16.715219999999999,,,0285/2,TÁPLÁNSZENTKERESZT,TÁPLÁNSZENTKERESZT,Vegyes,1-5m3,Ömlesztve szabadon,2021/04/13,Novák Mónika,Felhívás nyilatkozattételre,,VA/KTHF-HO/00058-1/2021,Visszaellenőrzés:2021.05.27. ELSZÁLLÍTVA,./0.png
16.7151770067359,47.2070700017785,VA/AKF-KTO/2212-1/2021.,2021/03/07,HR/20210307/0071,47.207070000000002,16.715177000000001,,,0285/2,TÁPLÁNSZENTKERESZT,TÁPLÁNSZENTKERESZT,Vegyes,1-5m3,Ömlesztve szabadon,2021/04/13,Novák Mónika,Felhívás nyilatkozattételre,,VA/KTHF-HO/00058-1/2021,Visszaellenőrzés:2021.05.27. ELSZÁLLÍTVA,./0.png
16.7153560067359,47.2091900017785,VA/AKF-KTO/2212-1/2021.,2021/03/07,HR/20210307/0074,47.209190000000000,16.715356000000000,,,0280/1,TÁPLÁNSZENTKERESZT,TÁPLÁNSZENTKERESZT,Gumiabroncs,1-5m3,Ömlesztve szabadon,2021/04/13,Haszonics Petra,Elszállítva,,,Visszaellenőrizve,./0.png
16.7153710067359,47.2092560017784,VA/AKF-KTO/2212-1/2021.,2021/03/07,HR/20210307/0076,47.209256000000003,16.715371000000001,,,0280/1,TÁPLÁNSZENTKERESZT,TÁPLÁNSZENTKERESZT,Vegyes,1-5m3,Ömlesztve szabadon,2021/04/13,Haszonics Petra,Elszállítva,,,Visszaellenőrizve,./0.png
16.7156460067359,47.2102670017784,VA/AKF-KTO/2212-1/2021.,2021/03/07,HR/20210307/0079,47.210267000000002,16.715646000000000,,,0285/2,TÁPLÁNSZENTKERESZT,TÁPLÁNSZENTKERESZT,Gumiabroncs,1-5m3,Ömlesztve szabadon,2021/04/13,Novák Mónika,Felhívás nyilatkozattételre,,VA/KTHF-HO/00058-1/2021,Visszaellenőrzés:2021.05.27. ELSZÁLLÍTVA,./0.png
16.7156390067359,47.2103390017784,VA/AKF-KTO/2212-1/2021.,2021/03/07,HR/20210307/0082,47.210338999999998,16.715638999999999,,,0285/2,TÁPLÁNSZENTKERESZT,TÁPLÁNSZENTKERESZT,Vegyes,1-5m3,Ömlesztve szabadon,2021/04/13,Novák Mónika,Felhívás nyilatkozattételre,,VA/KTHF-HO/58-1/2021,Visszaellenőrzés:2021.05.27. ELSZÁLLÍTVA,./0.png
16.7159940067359,47.2116010017784,VA/AKF-KTO/2212-1/2021.,2021/03/07,HR/20210307/0085,47.211601000000002,16.715993999999998,,,0285/2,TÁPLÁNSZENTKERESZT,TÁPLÁNSZENTKERESZT,Roncsautó,1-5m3,Ömlesztve szabadon,2021/04/13,Novák Mónika,Felhívás nyilatkozattételre,,VA/KTHF-HO/00058-1/2021,Rendőrségi eljárás lezárásáról értesítést várunk,./0.png
16.2744110067818,46.9447900018274,VA/AKF-KTO/2212-1/2021.,2021/03/07,HR/20210307/0102,46.944789999999998,16.274411000000001,,,0136/74,SZENTGOTTHÁRD,SZENTGOTTHÁRD,Vegyes,kevesebb mint 1m3,Zsákban,2021/04/14,Haszonics Petra,"nem szükséges, hulladék elszállításra került",,VA/KTHF-HO/00049-1/2021,,./0.png
16.8833820067171,47.2688030017603,VA/AKF-KTO/2212-1/2021.,2021/03/13,HR/20210313/0015,47.268802999999998,16.883382000000001,,,"0120",SÁRVÁR,SÁRVÁR,Vegyes,1-5m3,Ömlesztve szabadon,2021/04/09,Novák Mónika,Felhívás nyilatkozattételre,,VA/KTHF-HO/00055-1/2021,2021.06.21. ELSZÁLLÍTVA,./0.png
16.8057780067317,47.4400950017665,VA/AKF-KTO/2212-1/2021.,2021/03/15,HR/20210315/0028,47.440094999999999,16.805778000000000,,,0242/2,TORMÁSLIGET,TORMÁSLIGET,"Gumiabroncs, Vegyes",kevesebb mint 1m3,Ömlesztve szabadon,2021/04/09,Novák Mónika,Felhívás nyilatkozattételre,,VA/KTHF-HO/00057-1/2021,"Részben áttettük a győrieknek,a többi 2021.06.30-al ELSZÁLLÍTVA",./0.png
16.9365170067103,47.2602360017549,VA/AKF-KTO/2212-1/2021.,2021/03/15,HR/20210315/0084,47.260235999999999,16.936516999999998,,,"388",SÁRVÁR,SÁRVÁR,Vegyes,1-5m3,Ömlesztve szabadon,2021/04/09,Novák Mónika,Felhívás nyilatkozattételre,,VA/KTHF-HO/00056-1/2021,Visszaellenőrzés:2021.06.03. ELSZÁLLÍTVA,./0.png
16.9916810066956,46.9915190017521,VA/AKF-KTO/2212-1/2021.,2021/03/18,HR/20210318/0003,46.991518999999997,16.991681000000000,,,070/7,BÉRBALTAVÁR,BÉRBALTAVÁR,Vegyes,1-5m3,Ömlesztve szabadon,2021/04/08,Tóth Andrea,póthagyaték kérelem,,,,./0.png
16.3350349567725,46.8723431918219,VA/KTHF-HO/37-1/2021.,2021/03/21,HR/20210321/0121,46.872343190000002,16.335034950000001,,,051/19,SZALAFŐ,SZALAFŐ,Építési-bontási,kevesebb mint 1m3,Ömlesztve szabadon,2021/04/20,Gecse József,Felhívás nyilatkozattételre,,VA/KTHF-HO/65-1/2021,Visszaellenőrzés:2021.06.18. KÖTELEZNI KELL,./0.png
16.3343539467726,46.872641341822,VA/KTHF-HO/37-1/2021.,2021/03/21,HR/20210321/0124,46.872641340000001,16.334353940000000,,,051/19,SZALAFŐ,SZALAFŐ,Építési-bontási,kevesebb mint 1m3,Ömlesztve szabadon,2021/04/20,Gecse József,Felhívás nyilatkozattételre,,VA/KTHF-HO/65-1/2021,Visszaellenőrzés:2021.06.18. KÖTELEZNI KELL,./0.png
16.3343490367726,46.8726803818219,VA/KTHF-HO/37-1/2021.,2021/03/21,HR/20210321/0125,46.872680379999998,16.334349029999998,,,051/19,SZALAFŐ,SZALAFŐ,Építési-bontási,kevesebb mint 1m3,Ömlesztve szabadon,2021/04/01,Gecse József,Felhívás nyilatkozattételre,,VA/KTHF-HO/65-1/2021,Visszaellenőrzés:2021.06.18. KÖTELEZNI KELL,./0.png
16.9390517767098,47.2544237617548,VA/KTHF-HO/37-1/2021.,2021/03/22,HR/20210322/0005,47.254423760000002,16.939051769999999,,,"572",SÁRVÁR,SÁRVÁR,"Gumiabroncs, Vegyes",kevesebb mint 1m3,Ömlesztve szabadon,2021/04/27,Novák Mónika,Nem találtunk hulladékot,,VA/KTHF-HO/154-1/2021,,./0.png
16.8814094267112,47.0573104217628,VA/KTHF-HO/37-1/2021.,2021/03/23,HR/20210323/0013,47.057310420000000,16.881409420000001,,,054/48,OSZKÓ,OSZKÓ,"Elektromos, elektronikai, Építési-bontási, Gumiabroncs, Vegyes, Veszélyes, Zöld",több mint 5m3,"Ömlesztve szabadon, Zsákban",2021/04/29,,,,,,./0.png
17.1226582966867,47.2451426017359,VA/KTHF-HO/37-1/2021.,2021/03/23,HR/20210323/0029,47.245142600000001,17.122658290000000,,,"0502",CELLDÖMÖLK,CELLDÖMÖLK,"Építési-bontási, Gumiabroncs",1-5m3,Ömlesztve szabadon,2021/04/27,Novák Mónika,Felhívás nyilatkozattételre,,VA/KTHF-HO/00098-1/2021,Visszaellenőrzés:2021.06.23 ELSZÁLLÍTVA,./0.png
16.5783484967522,47.1931676317929,VA/KTHF-HO/37-1/2021.,2021/03/24,HR/20210324/0002,47.193167629999998,16.578348490000000,,,"0738",SZOMBATHELY,SZOMBATHELY,"Elektromos, elektronikai, Építési-bontási, Ipari",1-5m3,"Ömlesztve szabadon, Zsákban",2021/05/07,Gecse József,Felhívás nyilatkozattételre,,VA/KTHF-HO/114-1/2021,Elszállítva,./0.png
17.1491510866842,47.2711578617328,VA/KTHF-HO/37-1/2021.,2021/03/26,HR/20210326/0072,47.271157860000002,17.149151079999999,,,"052",CELLDÖMÖLK,CELLDÖMÖLK,"Elektromos, elektronikai, Építési-bontási, Gumiabroncs, Vegyes",több mint 5m3,Ömlesztve szabadon,2021/04/27,Novák Mónika,Felhívás nyilatkozattételre,,VA-KTHF-HO-109-1-2021,,./0.png
17.1505157866839,47.2678902117327,VA/KTHF-HO/37-1/2021.,2021/03/26,HR/20210326/0075,47.267890209999997,17.150515779999999,,,056/1,CELLDÖMÖLK,CELLDÖMÖLK,"Gumiabroncs, Roncsautó",1-5m3,Ömlesztve szabadon,2021/04/27,Novák Mónika,Felhívás nyilatkozattételre,,VA/KTHF-HO/00097-1/2021,Visszaellenőrzés:2021.06.23. ELSZÁLLÍTVA,./0.png
17.1360025266849,47.2376126217346,VA/KTHF-HO/37-1/2021.,2021/03/27,HR/20210327/0088,47.237612620000000,17.136002520000002,,,"2009",CELLDÖMÖLK,CELLDÖMÖLK,"Építési-bontási, Gumiabroncs, Zöld",1-5m3,Ömlesztve szabadon,2021/04/27,Novák Mónika,Felhívás nyilatkozattételre,,VA/KTHF-HO/00095-1/2021,2021.06.07. ELSZÁLLÍTVA,./0.png
16.3162618367758,46.9093633918235,VA/KTHF-HO/37-1/2021.,2021/03/28,HR/20210328/0002,46.909363390000003,16.316261829999998,,,0726/56,SZENTGOTTHÁRD,SZENTGOTTHÁRD,Gumiabroncs,kevesebb mint 1m3,Ömlesztve szabadon,2021/04/29,Gecse József,Tévesen került beazonosításra - helyette 0227 hrsz,,VA/KTHF-Ho/100-1/2021,Sz.gotthárd ÖK. Felhívás  teljesítésre 2021.05.28.,./0.png
16.3183575667755,46.9087159718232,VA/KTHF-HO/37-1/2021.,2021/03/28,HR/20210328/0004,46.908715970000003,16.318357559999999,,,0726/102,SZENTGOTTHÁRD,SZENTGOTTHÁRD,Vegyes,több mint 5m3,Ömlesztve szabadon,2021/05/04,Gecse József,Felhívás nyilatkozattételre,,VA/KTHF-HO/103-1/2021,"Kötelezésre került, de nem teljesített 2021.06.18.",./0.png
16.3188626567754,46.9072591518232,VA/KTHF-HO/37-1/2021.,2021/03/28,HR/20210328/0005,46.907259150000002,16.318862650000000,,,"3184",SZENTGOTTHÁRD,SZENTGOTTHÁRD,Vegyes,kevesebb mint 1m3,Ömlesztve szabadon,2021/04/29,Gecse József,Helyszíni ellenőrzés megtörtént,,VA/KTHF-HO/102-1/2021,Nem volt hulladék- 2021.05.27.,./0.png
16.3175643067755,46.9069470518233,VA/KTHF-HO/37-1/2021.,2021/03/28,HR/20210328/0006,46.906947049999999,16.317564300000001,,,0726/86,SZENTGOTTHÁRD,SZENTGOTTHÁRD,Vegyes,1-5m3,Ömlesztve szabadon,2021/04/29,Novák Mónika,NEM VOLT HULLADÉK - 2021.05.27.,,,,./0.png
16.3295456067754,46.9528993018216,VA/KTHF-HO/37-1/2021.,2021/03/28,HR/20210328/0087,46.952899299999999,16.329545599999999,,,0682/29,SZENTGOTTHÁRD,SZENTGOTTHÁRD,Gumiabroncs,kevesebb mint 1m3,Ömlesztve szabadon,2021/04/29,Gecse józsef,Felhívás nyilatkozattételre,,VA/KTHF-HO/101-1/2021,Tulajdoni viszonyok rendezésére vár 2021. 06.21.,./0.png
16.2765950667819,46.9590477018271,VA/KTHF-HO/37-1/2021.,2021/03/28,HR/20210328/0096,46.959047699999999,16.276595059999998,,,"1647",SZENTGOTTHÁRD,SZENTGOTTHÁRD,Vegyes,kevesebb mint 1m3,Zsákban,2021/04/29,Novák Mónika,Nem találtunk hulladékot,,,,./0.png
17.1006107266867,47.1480991017392,VA/KTHF-HO/37-1/2021.,2021/03/28,HR/20210328/0117,47.148099100000003,17.100610719999999,,,"1195",KISSOMLYÓ,KISSOMLYÓ,"Építési-bontási, Vegyes",több mint 5m3,Ömlesztve szabadon,2021/04/27,Novák Mónika,Felhívás nyilatkozattételre,,VA/KTHF-HO/00108-1/2021,2021.06.06. ELSZÁLLÍTVA,./0.png
16.7404751567382,47.3897113117738,VA/KTHF-HO/37-1/2021.,2021/03/29,HR/20210329/0027,47.389711310000003,16.740475150000002,,,571/1,BÜK,BÜK,Vegyes,1-5m3,Ömlesztve szabadon,2021/05/07,Gecse József,Felhívás nyilatkozattételre,,VA/KTHF-HO/113-2/2021,VA/KTHF-HO/113-2/2021,./0.png
16.9466042567091,47.2615192017538,VA/KTHF-HO/37-1/2021.,2021/03/30,HR/20210330/0035,47.261519200000002,16.946604250000000,,,1098/1,SÁRVÁR,SÁRVÁR,"Építési-bontási, Vegyes, Zöld",több mint 5m3,"Egyéb tárolóedényben, Ömlesztve szabadon, Zsákban",2021/04/27,Novák Mónika,Felhívás nyilatkozattételre,,VA/KTHF-HO/00106-1/2021,Visszaellenőrzés: 2021.06.03 ELSZÁLLÍTVA,./0.png
16.6879931667443,47.3807363017794,VA/KTHF-HO/37-1/2021.,2021/03/30,HR/20210330/0079,47.380736300000002,16.687993160000001,,,0422/3,CSEPREG,CSEPREG,"Építési-bontási, Vegyes",kevesebb mint 1m3,"Ömlesztve szabadon, Zsákban",2021/05/06,Novák Mónika,Felhívás nyilatkozattételre,,VA/KTHF-HO/119-1-2021,Visszaellenőrzés: 2021.06.04. ELSZÁLLÍTVA,./0.png
16.6495496367448,47.236698751785,VA/KTHF-HO/37-1/2021.,2021/04/01,HR/20210401/0021,47.236698750000002,16.649549629999999,,,7737/1,SZOMBATHELY,SZOMBATHELY,"Elektromos, elektronikai, Gumiabroncs, Vegyes",1-5m3,Zsákban,2021/05/06,Novák Mónika,Felhívás nyilatkozattételre,,VA-KTHF-HO-118-1-2021,Elszállítva: 2021.05.26.,./0.png
17.1623852866819,47.2501758717317,VA/KTHF-HO/37-1/2021.,2021/04/01,HR/20210401/0052,47.250175870000000,17.162385279999999,,,0205/3,CELLDÖMÖLK,CELLDÖMÖLK,"Elektromos, elektronikai, Építési-bontási",1-5m3,Ömlesztve szabadon,2021/04/27,Novák Mónika,Felhívás nyilatkozattételre,,VA/KTHF-HO/00105-1/2021,Visszaellenőrzés:2021.06.23. ELSZÁLLÍTVA,./0.png
17.1643719766817,47.2503182017315,VA/KTHF-HO/37-1/2021.,2021/04/01,HR/20210401/0053,47.250318200000002,17.164371970000001,,,0209/20,CELLDÖMÖLK,CELLDÖMÖLK,"Elektromos, elektronikai, Építési-bontási, Ipari",több mint 5m3,Ömlesztve szabadon,2021/04/27,Novák Mónika,Felhívás nyilatkozattételre,,VA/KTHF-HO/00104-1/2021,Visszaellenőrzés:2021.06.23.  ELSZÁLLÍTVA,./0.png
16.2853786567804,46.9421289118263,VA/KTHF-HO/37-1/2021.,2021/04/01,HR/20210401/0054,46.942128910000001,16.285378649999998,,,090/34,SZENTGOTTHÁRD,SZENTGOTTHÁRD,"Építési-bontási, Vegyes",kevesebb mint 1m3,Zsákban,2021/05/04,Gecse József,Felhívás nyilatkozattételre,,VA/KTHF-HO/99-1/2021,Elszállítva 2021.05.21.,./0.png
17.1673270466813,47.2506573217312,VA/KTHF-HO/37-1/2021.,2021/04/01,HR/20210401/0057,47.250657320000002,17.167327040000000,,,0209/3,CELLDÖMÖLK,CELLDÖMÖLK,"Elektromos, elektronikai, Építési-bontási, Gumiabroncs, Roncsautó, Zöld",1-5m3,Ömlesztve szabadon,2021/04/27,Novák Mónika,Felhívás nyilatkozattételre,,VA/KTHF-HO/00096-1/2021,2021.06.04. ELSZÁLLÍTVA,./0.png
0,0,VA/KTHF-HO/37-1/2021.,2021/04/01,,,,,,0202/24,SZŐCE,SZŐCE,"Zöld, háztartási, olajos hordó",2-3m3,Ömlesztve,2021/04/28,Gecse József,Felhívás nyilatkozattételre,,VA/KTHF-HO/75-1/2021,Elszállítva 2021.06.18.,./0.png
17.0225307466951,47.1065768817477,VA/KTHF-HO/00122-1/2021,2021/04/02,HR/20210402/0035,47.106576879999999,17.022530740000001,,,"0185",HOSSZÚPERESZTEG,HOSSZÚPERESZTEG,Építési-bontási,1-5m3,Ömlesztve szabadon,2021/05/19,Nagy Sándor,elszállításra került,,VA/KTHF-HO/00179-1/2021,,./0.png
16.761398646736,47.4018852717716,VA/KTHF-HO/00122-1/2021,2021/04/02,HR/20210402/0099,47.401885270000001,16.761398639999999,,,06/6,BÜK,BÜK,Vegyes,kevesebb mint 1m3,Ömlesztve szabadon,2021/05/11,Nagy Sándor,elszállításra került,,VA/KTHF-HO/00128-1/2021,,./0.png
16.7416376567315,47.1656700017762,VA/KTHF-HO/00122-1/2021,2021/04/02,HR/20210402/0110,47.165669999999999,16.741637650000001,,,06/7,VASSZÉCSENY,VASSZÉCSENY,"Elektromos, elektronikai, Építési-bontási, Gumiabroncs, Vegyes",1-5m3,Ömlesztve szabadon,2021/05/18,Nagy Sándor,Felhívás nyilatkozattételre,,VA/KTHF-HO/00168-1/2021,,./0.png
16.299619026779,46.9543289918247,VA/KTHF-HO/00122-1/2021,2021/04/02,HR/20210402/0120,46.954328990000000,16.299619020000002,,,025/22,SZENTGOTTHÁRD,SZENTGOTTHÁRD,Vegyes,1-5m3,Ömlesztve szabadon,2021/05/21,Nagy Sándor,Felhívás nyilatkozattételre,,VA/KTHF-HO/00181-1/2021,,./0.png
16.3015263267788,46.9547212518245,VA/KTHF-HO/00122-1/2021,2021/04/02,HR/20210402/0127,46.954721249999999,16.301526320000001,,,025/31,SZENTGOTTHÁRD,SZENTGOTTHÁRD,"Gumiabroncs, Vegyes",több mint 5m3,Ömlesztve szabadon,2021/05/21,Nagy Sándor,Felhívás nyilatkozattételre,,VA/KTHF-HO/00180-1/2021,,./0.png
17.1824683166787,47.2253777117299,VA/KTHF-HO/00122-1/2021,2021/04/03,HR/20210403/0013,47.225377709999997,17.182468310000001,,,0292/2,CELLDÖMÖLK,CELLDÖMÖLK,Vegyes,kevesebb mint 1m3,Zsákban,2021/05/13,Nagy Sándor,elszállításra került,,VA/KTHF-HO/00143-1/2021,,./0.png
16.9620352267079,47.285803751752,VA/KTHF-HO/00122-1/2021,2021/04/03,HR/20210403/0077,47.285803749999999,16.962035220000001,,,027/17,SÁRVÁR,SÁRVÁR,"Elektromos, elektronikai, Építési-bontási, Zöld",több mint 5m3,Ömlesztve szabadon,2021/06/01,Nagy Sándor,elszállításra került,,VA/KTHF-HO/00223-1/2021,,./0.png
16.7167888067359,47.2152453417782,VA/KTHF-HO/00122-1/2021,2021/04/03,HR/20210403/0103,47.215245340000003,16.716788800000000,,,"0289",TÁPLÁNSZENTKERESZT,TÁPLÁNSZENTKERESZT,"Építési-bontási, Gumiabroncs",1-5m3,Ömlesztve szabadon,2021/05/18,Nagy Sándor,"Felhívás nyilatkozattételre,174-es elszállításra került",,"VA/KTHF-HO/00173-1/2021, VA/KTHF-HO/00174-1/2021",,./0.png
16.715096546736,47.2097498817784,VA/KTHF-HO/00122-1/2021,2021/04/03,HR/20210403/0104,47.209749879999997,16.715096540000001,,,0280/2,TÁPLÁNSZENTKERESZT,TÁPLÁNSZENTKERESZT,Építési-bontási,kevesebb mint 1m3,Ömlesztve szabadon,2021/05/18,Nagy Sándor,elszállításra került,,VA/KTHF-HO/00167-1/2021,,./0.png
17.1200442166867,47.2331816617363,VA/KTHF-HO/00122-1/2021,2021/04/05,HR/20210405/0146,47.233181660000000,17.120044210000000,,,"3978",CELLDÖMÖLK,CELLDÖMÖLK,Építési-bontási,1-5m3,Ömlesztve szabadon,2021/06/07,Nagy Sándor,már elszállították,,,,./0.png
16.7200170367359,47.2257712717778,VA/KTHF-HO/00122-1/2021,2021/04/05,HR/20210405/0152,47.225771270000003,16.720017030000001,,,"960",VÉP,VÉP,"Elektromos, elektronikai, Építési-bontási, Gumiabroncs, Ipari, Roncsautó, Vegyes",több mint 5m3,Ömlesztve szabadon,2021/05/17,Nagy Sándor,"szemle rendben, további intézkedés nem szükséges",,VA/KTHF-HO/00165-1/2021,,./0.png
16.3343339667726,46.8726375918219,VA/KTHF-HO/00122-1/2021,2021/04/07,HR/20210407/0041,46.872637589999997,16.334333959999999,,,051/19,SZALAFŐ,SZALAFŐ,Építési-bontási,1-5m3,Ömlesztve szabadon,,Nagy Sándor,ismételt bejelentés,,,,./0.png
16.7217186467354,47.2152917917777,VA/KTHF-HO/00122-1/2021,2021/04/09,HR/20210409/0023,47.215291790000002,16.721718639999999,,,0290/22,TÁPLÁNSZENTKERESZT,TÁPLÁNSZENTKERESZT,"Elektromos, elektronikai, Elem, akkumulátor",kevesebb mint 1m3,Ömlesztve szabadon,2021/05/27,Nagy Sándor,elszállításra került,,VA/KTHF-HO/00203-1/2021,,./0.png
16.7159758667359,47.2115678917784,VA/KTHF-HO/00122-1/2021,2021/04/09,HR/20210409/0024,47.211567889999998,16.715975860000000,,,0285/2,TÁPLÁNSZENTKERESZT,TÁPLÁNSZENTKERESZT,"Elektromos, elektronikai, Roncsautó",1-5m3,Ömlesztve szabadon,,Nagy Sándor,ismételt bejelentés,,,,./0.png
16.657025996743,47.2067376517845,VA/KTHF-HO/00122-1/2021,2021/04/10,HR/20210410/0219,47.206737650000001,16.657025990000001,,,11836/2,SZOMBATHELY,SZOMBATHELY,Vegyes,1-5m3,Ömlesztve szabadon,2021/05/17,Nagy Sándor,"szemle rendben, elszállításra fog kerülni?",,VA/KTHF-HO/00166-1/2021,,./0.png
16.5792542767534,47.2402418617923,VA/KTHF-HO/00122-1/2021,2021/04/11,HR/20210411/0002,47.240241859999998,16.579254270000000,,,4063/1,SZOMBATHELY,SZOMBATHELY,Vegyes,kevesebb mint 1m3,Zsákban,2021/05/14,Nagy Sándor,elszállításra került,,VA/KTHF-HO/00152-1/2021,,./0.png
16.564861426755,47.2319799017938,VA/KTHF-HO/00122-1/2021,2021/04/12,HR/20210412/0027,47.231979899999999,16.564861420000000,,,0964/2,SZOMBATHELY,SZOMBATHELY,"Építési-bontási, Veszélyes",több mint 5m3,"Egyéb tárolóedényben, Ömlesztve szabadon, Zsákban",2021/05/14,Nagy Sándor,elszállításra került,,VA/KTHF-HO/00151-1/2021,,./0.png
16.9019210067152,47.2843260017583,VA/KTHF-HO/00122-1/2021,2021/04/17,HR/20210417/0100,47.284326000000000,16.901921000000002,,,095/3,SÁRVÁR,SÁRVÁR,"Elektromos, elektronikai, Építési-bontási, Gumiabroncs, Vegyes, Veszélyes",több mint 5m3,Ömlesztve szabadon,2021/06/01,Szűcs Zoltán,Felhívás nyilatkozattételre,,VA/KTHF-HO/00224-1/2021,,./0.png
16.9847380066997,47.1029850017516,VA/KTHF-HO/00122-1/2021,2021/04/18,HR/20210418/0057,47.102984999999997,16.984738000000000,,,0150/3,HOSSZÚPERESZTEG,HOSSZÚPERESZTEG,"Építési-bontási, Gumiabroncs, Vegyes",1-5m3,Ömlesztve szabadon,2021/05/19,Szűcs Zoltán,Felhívás nyilatkozattételre,,VA/KTHF-HO/00171-1/2021,"Tájékoztattak, hogy a hulladékot összeszedték, amit lehetett a vasvári hulaldékudvarban lerakták. A Többit a saját kommunális hulaldékgyűjtőjükbe tették. VA/KTHF-HO/00171-5/2021",./0.png
16.6754410067407,47.2032210017827,VA/KTHF-HO/00122-1/2021,2021/04/18,HR/20210418/0058,47.203220999999999,16.675440999999999,,,"12069",SZOMBATHELY,SZOMBATHELY,Vegyes,több mint 5m3,"Ömlesztve szabadon, Zsákban",2021/05/12,Szűcs Zoltán,A Szombathely 12071 hrsz.-ú hulladék,,,,./0.png
16.6760780067406,47.2030320017826,VA/KTHF-HO/00122-1/2021,2021/04/18,HR/20210418/0065,47.203032000000000,16.676078000000000,,,"12071",SZOMBATHELY,SZOMBATHELY,Vegyes,több mint 5m3,"Ömlesztve szabadon, Zsákban",2021/05/12,Szűcs Zoltán,Felhívás nyilatkozattételre,,VA/KTHF-HO/00146-1/2021,,./0.png
16.9137170067126,47.2452910017575,VA/KTHF-HO/00122-1/2021,2021/04/22,HR/20210422/0037,47.245291000000002,16.913716999999998,,,2844/1,SÁRVÁR,SÁRVÁR,Vegyes,kevesebb mint 1m3,Ömlesztve szabadon,2021/05/19,Szűcs Zoltán,Felhívás nyilatkozattételre,,VA/KTHF-HO/00170-1/2021+E64D64:O64C64:O64P64F64:O64P64F64:O64B64:O64A64:O64P64F64:O64P64F64:O64,"hulladékelhelyezést az önkormányzat nem talált 2021.06.11.; Visszaellenőrzés 2021.06.30 hulaldék nem volt",./0.png
16.3025450067786,46.9497170018245,VA/KTHF-HO/00122-1/2021,2021/04/22,HR/20210422/0046,46.949717000000000,16.302544999999999,,,"219",SZENTGOTTHÁRD,SZENTGOTTHÁRD,"Elektromos, elektronikai, Gumiabroncs, Vegyes",1-5m3,Ömlesztve szabadon,2021/06/08,Szűcs Zoltán,"Helyszíni szemle, Hulladék nem volt a helyszínen",,VA/KTHF-HO/00204-1/2021,,./0.png
17.1450190066841,47.2495490017335,VA/KTHF-HO/00122-1/2021,2021/04/24,HR/20210424/0023,47.249549000000002,17.145019000000001,,,"1672",CELLDÖMÖLK,CELLDÖMÖLK,Vegyes,több mint 5m3,Ömlesztve szabadon,2021/05/13,Szűcs Zoltán,Felhívás nyilatkozattételre,,VA/KTHF-HO/00144-1/2021,,./0.png
16.550493006761,47.3769490017938,VA/KTHF-HO/00122-1/2021,2021/04/24,HR/20210424/0038,47.376949000000003,16.550492999999999,,,0183/145,KŐSZEG,KŐSZEG,"Építési-bontási, Ipari",több mint 5m3,Ömlesztve szabadon,2021/05/11,Szűcs Zoltán,Felhívás nyilatkozattételre,,VA/KTHF-HO/00136-1/2021,,./0.png
16.6780650067446,47.3480210017808,VA/KTHF-HO/00122-1/2021,2021/04/26,HR/20210426/0011,47.348021000000003,16.678065000000000,,,"0126",TÖMÖRD,TÖMÖRD,Építési-bontási,1-5m3,Ömlesztve szabadon,2021/05/11,Szűcs Zoltán,Felhívás nyilatkozattételre,,VA/KTHF-HO/00137-1/2021,"2021. július 2. elszálíltották,",./0.png
16.6781060067405,47.2098210017823,VA/KTHF-HO/00122-1/2021,2021/04/28,HR/20210428/0019,47.209820999999998,16.678106000000000,,,0319/5,SZOMBATHELY,SZOMBATHELY,"Építési-bontási, Vegyes",1-5m3,"Ömlesztve szabadon, Zsákban",2021/05/12,Szűcs Zoltán,Felhívás nyilatkozattételre,,VA/KTHF-HO/00145-1/2021,,./0.png
16.5543330067556,47.2090280017953,VA/KTHF-HO/00122-1/2021,2021/04/29,HR/20210429/0040,47.209028000000004,16.554333000000000,,,0125/6,NÁRAI,NÁRAI,"Építési-bontási, Gumiabroncs, Ipari, Vegyes, Veszélyes",több mint 5m3,Ömlesztve szabadon,2021/06/01,Szűcs Zoltán,Felhívás nyilatkozattételre,,VA/KTHF-HO/225-1/2021,,./0.png
17.1450520066841,47.2494710017335,VA/KTHF-HO/00122-3/2021,2021/05/01,HR/20210501/0013,47.249471000000000,17.145052000000000,,,"1672",CELLDÖMÖLK,CELLDÖMÖLK,Vegyes,több mint 5m3,Ömlesztve szabadon,,,,,,,./0.png
16.6097890067472,47.1544080017901,VA/KTHF-HO/00122-3/2021,2021/05/02,HR/20210502/0023,47.154407999999997,16.609788999999999,,,"079",JÁK,JÁK,"Építési-bontási, Vegyes",1-5m3,Ömlesztve szabadon,2021/06/02,Füleki Enikő,Felhívás nyilatkozattételre,,VA/KTHF-HO/00265-1/2021,,./0.png
16.9425750067075,47.1908950017551,VA/KTHF-HO/00122-3/2021,2021/05/03,HR/20210503/0002,47.190894999999998,16.942575000000001,,,"857",NYŐGÉR,NYŐGÉR,"Roncsautó, Vegyes, Veszélyes",1-5m3,Ömlesztve szabadon,2021/06/16,Tóth Andrea,Felhívás nyilatkozattételre,,,,./0.png
16.6021230067439,47.0061220017924,VA/KTHF-HO/00122-3/2021,2021/05/06,HR/20210506/0022,47.006121999999998,16.602122999999999,,,"4181",KÖRMEND,KÖRMEND,"Vegyes, Zöld",kevesebb mint 1m3,Zsákban,2021/06/16,Füleki Enikő,Önkormányzat felhívása hulladéskelszállításra,,VA/KTHF-HO/298-1/2021,elszállították július 9-ig,./0.png
16.998259006698,47.1008710017503,VA/KTHF-HO/00122-3/2021,2021/05/07,HR/20210507/0009,47.100870999999998,16.998259000000001,,,"0158",HOSSZÚPERESZTEG,HOSSZÚPERESZTEG,"Építési-bontási, Vegyes",1-5m3,"Ömlesztve szabadon, Zsákban",2021/06/02,Tóth Andrea,Felhívás nyilatkozattételre,,,,./0.png
16.306612006778,46.9465570018241,VA/KTHF-HO/00122-3/2021,2021/05/11,HR/20210511/0001,46.946556999999999,16.306612000000001,,,048/103,SZENTGOTTHÁRD,SZENTGOTTHÁRD,Vegyes,kevesebb mint 1m3,Ömlesztve szabadon,2021/06/08,Füleki Enikő,Felhívás nyilatkozattételre,,VA/KTHF-HO/00266-1/2021,,./0.png
16.8904930067173,47.3065900017592,VA/KTHF-HO/00122-3/2021,2021/05/11,HR/20210511/0013,47.306590000000000,16.890492999999999,,,0351/9,RÁBAPATY,RÁBAPATY,"Építési-bontási, Vegyes, Veszélyes",1-5m3,Ömlesztve szabadon,2021/06/16,Tóth Andrea,Felhívás nyilatkozattételre,,,,./0.png
16.7633650067273,47.1132120017745,VA/KTHF-HO/00122-3/2021,2021/05/14,HR/20210514/0009,47.113211999999997,16.763365000000000,,,"056",GYANÓGEREGYE,GYANÓGEREGYE,"Építési-bontási, Gumiabroncs",1-5m3,Ömlesztve szabadon,2021/06/02,Füleki Enikő,Felhívás nyilatkozattételre,,VA/KTHF-HO/00264-1/2021,2021.06. 18-án elszállítva,./0.png
17.1451160066841,47.2495480017335,VA/KTHF-HO/00122-3/2021,2021/05/15,HR/20210515/0024,47.249547999999997,17.145116000000002,,,"1672",CELLDÖMÖLK,CELLDÖMÖLK,Vegyes,több mint 5m3,Egyéb tárolóedényben,,,ismételt bejelentés,,,,./0.png
16.5511520067554,47.1890880017958,VA/KTHF-HO/00122-3/2021,2021/05/22,HR/20210522/0010,47.189087999999998,16.551151999999998,,,"465",NÁRAI,NÁRAI,Vegyes,1-5m3,Ömlesztve szabadon,2021/06/23,Haszonics Petra,Nem volt hulladék - 2021.06.23.,,,,./0.png
16.8648100067182,47.2278730017627,VA/KTHF-HO/00122-3/2021,2021/05/26,HR/20210526/0005,47.227873000000002,16.864809999999999,,,028/18,CSÉNYE,CSÉNYE,"Építési-bontási, Gumiabroncs, Vegyes, Veszélyes",több mint 5m3,Ömlesztve szabadon,,Haszonics Petra,,,,,./0.png
17.1450030066841,47.2495530017335,VA/KTHF-HO/00122-3/2021,2021/05/29,HR/20210529/0024,47.249552999999999,17.145002999999999,,,"1672",CELLDÖMÖLK,CELLDÖMÖLK,Vegyes,több mint 5m3,Ömlesztve szabadon,,,ismételt bejelentés,,,,./0.png
16.5763620067511,47.1487980017936,VA/KTHF-HO/00122-4/2021,2021/06/04,HR/20210604/0024,47.148797999999999,16.576362000000000,,,"0128",JÁK,JÁK,Építési-bontási,több mint 5m3,Ömlesztve szabadon,,Füleki Enikő,,,,,./0.png
16.8653330067181,47.2270050017627,VA/KTHF-HO/00122-4/2021,2021/06/07,HR/20210607/0009,47.227004999999998,16.865333000000000,,,028/5,CSÉNYE,CSÉNYE,"Építési-bontási, Vegyes, Veszélyes",több mint 5m3,Ömlesztve szabadon,,Haszonics Petra,ismételt bejelentés,,,,./0.png
17.0905170066878,47.1436090017403,VA/KTHF-HO/00122-4/2021,2021/06/07,HR/20210607/0016,47.143608999999998,17.090516999999998,,,069/6,KISSOMLYÓ,KISSOMLYÓ,"Elektromos, elektronikai, Építési-bontási, Gumiabroncs, Roncsautó, Vegyes, Veszélyes",több mint 5m3,Ömlesztve szabadon,,"Kovács Levente, Horváth-Őri György",felhívás nyilatkozattételre,,VA/KTHF-HO/336-1/2021,határidőn belül nem jött válasz,./0.png
16.8653240067181,47.2271220017626,VA/KTHF-HO/00122-4/2021,2021/06/09,HR/20210609/0003,47.227122000000001,16.865324000000001,,,028/18,CSÉNYE,CSÉNYE,"Építési-bontási, Vegyes, Veszélyes",több mint 5m3,Ömlesztve szabadon,,Haszonics Petra,ismételt bejelentés,,,,./0.png
16.3476560067688,46.7955010018214,VA/KTHF-HO/00122-4/2021,2021/06/09,HR/20210609/0005,46.795501000000002,16.347656000000001,,,"093",KERCASZOMOR,KERCASZOMOR,Építési-bontási,1-5m3,Ömlesztve szabadon,2021/07/15,Tóth Andrea,felhívás nyilatkozattételre,,,,./0.png
16.3867490067657,46.8523990018166,VA/KTHF-HO/00122-4/2021,2021/06/12,HR/20210612/0015,46.852398999999998,16.386748999999998,,,093/2,ŐRISZENTPÉTER,ŐRISZENTPÉTER,Vegyes,több mint 5m3,Ömlesztve szabadon,2021/07/15,Tóth Andrea,megkeresés,,,,./0.png
17.1327580066851,47.232972001735,VA/KTHF-HO/00122-4/2021,2021/06/14,HR/20210614/0019,47.232971999999997,17.132757999999999,,,"0442",CELLDÖMÖLK,CELLDÖMÖLK,Vegyes,kevesebb mint 1m3,Ömlesztve szabadon,,"Kovács Levente, Horváth-Őri György","nem volt szemét, valószínűleg elszállították",,VA/KTHF-HO/337-1/2021,,./0.png
17.1450200066841,47.2495150017335,VA/KTHF-HO/00122-4/2021,2021/06/14,HR/20210614/0022,47.249515000000002,17.145019999999999,,,"1672",CELLDÖMÖLK,CELLDÖMÖLK,Vegyes,több mint 5m3,Ömlesztve szabadon,,,ismételt bejelentés,,,,./0.png
16.3163760067757,46.9085440018234,VA/KTHF-HO/00122-4/2021,2021/06/14,HR/20210614/0024,46.908543999999999,16.316376000000002,,,"0727",SZENTGOTTHÁRD,SZENTGOTTHÁRD,Vegyes,több mint 5m3,Ömlesztve szabadon,,"Novák Mónika, Tóth Andrea","Ismételt bejelentés, HR20210328/0002 számon",,,,./0.png
17.0550850066959,47.2712600017426,VA/KTHF-HO/00122-4/2021,2021/06/16,HR/20210616/0016,47.271259999999998,17.055084999999998,,,031/2,NAGYSIMONYI,NAGYSIMONYI,Építési-bontási,több mint 5m3,Ömlesztve szabadon,,Horváth-Őri György,,,VA/KTHF-HO/00320-1/2021,,./0.png
16.955090006707,47.2282940017534,VA/KTHF-HO/00122-6/2021,2021/06/20,HR/20210620/0010,47.228293999999998,16.955089999999998,491571.719999999972060,211479.760000000009313,0287/21,SÁRVÁR,SÁRVÁR,"Elektromos, elektronikai, Építési-bontási, Vegyes",1-5m3,"Ömlesztve szabadon, Zsákban",,Füleki Enikő,,https://attach.hulladekradar.hu/photos/QTV2NXE0SEt4NEtGN3NEazlOMlpxc1VyV1FIVkhGVFFLeGVPWUxNZ1ZWOD0=,,,./0.png
16.3351280067725,46.8723920018218,VA/KTHF-HO/00122-6/2021,2021/06/20,HR/20210620/0016,46.872391999999998,16.335128000000001,443273.309999999997672,173383.049999999988358,051/19,SZALAFŐ,SZALAFŐ,Építési-bontási,1-5m3,Ömlesztve szabadon,,,ismételt bejelentés,https://attach.hulladekradar.hu/photos/S3FYOHNaZXVPVk9NZ09EWGhJWHZ1c1VyV1FIVkhGVFFLeGVPWUxNZ1ZWOD0=,,,./0.png
16.2974740067791,46.948070001825,VA/KTHF-HO/00122-6/2021,2021/06/21,HR/20210621/0008,46.948070000000001,16.297474000000001,440700.629999999946449,181890.739999999990687,075/1,SZENTGOTTHÁRD,SZENTGOTTHÁRD,Vegyes,1-5m3,Ömlesztve szabadon,,Szűcs Zoltán,,https://attach.hulladekradar.hu/photos/SlNYUEJ1K1pSRGdYbE1SMEEwVUJJOFVyV1FIVkhGVFFLeGVPWUxNZ1ZWOD0=,VA/KTHF-HO/376-1/2021,,./0.png
16.6564920067431,47.2088210017846,VA/KTHF-HO/00122-6/2021,2021/06/23,HR/20210623/0005,47.208821000000000,16.656492000000000,468902.979999999981374,209964.660000000003492,11697/6,SZOMBATHELY,SZOMBATHELY,Vegyes,kevesebb mint 1m3,Zsákban,,,"Otthonról bejelentett ügy! Képek alapján, a HR/20210428/0019 elindított ügy!Az Ömnkormányzat megkeresése megtörtént! Helyszíni ellenőrzés indokolt!",https://attach.hulladekradar.hu/photos/dzl6bnlibzl4VUZFZDd1dm9lV0V4Y1VyV1FIVkhGVFFLeGVPWUxNZ1ZWOD0=,,,./0.png
16.6378770067458,47.2239540017864,VA/KTHF-HO/00122-6/2021,2021/06/26,HR/20210626/0011,47.223953999999999,16.637877000000000,467545.320000000006985,211689.549999999988358,"8615",SZOMBATHELY,SZOMBATHELY,"Elektromos, elektronikai, Gumiabroncs",1-5m3,Ömlesztve szabadon,,,"saját hatáskörben elindított ügy, Helyszíni ellenőrzés, Önkormányzat megkeresés 2021.07.05.",https://attach.hulladekradar.hu/photos/enN2d1UwbkJncjVpVG5peVAzKzhvOFVyV1FIVkhGVFFLeGVPWUxNZ1ZWOD0=,,,./0.png
16.6380620067458,47.2239250017863,VA/KTHF-HO/00122-6/2021,2021/06/28,HR/20210628/0011,47.223925000000001,16.638062000000001,467559.260000000009313,211685.859999999986030,8613/19,SZOMBATHELY,SZOMBATHELY,"Elektromos, elektronikai, Gumiabroncs, Vegyes",kevesebb mint 1m3,Ömlesztve szabadon,,,"ismételt bejelentés Szombathely 8615, HR/20210626/0011",https://attach.hulladekradar.hu/photos/dURqQnRZTHFaMUo4RXlWZlBkTzhhOFVyV1FIVkhGVFFLeGVPWUxNZ1ZWOD0=,,,./0.png
16.5997190067507,47.2327350017902,VA/KTHF-HO/00122-6/2021,2021/06/29,HR/20210629/0017,47.232734999999998,16.599719000000000,464687.489999999990687,212755.070000000006985,3683/2,SZOMBATHELY,SZOMBATHELY,Vegyes,kevesebb mint 1m3,Zsákban,,Kovács Levente,,https://attach.hulladekradar.hu/photos/SjZsQlYyM1ZWb0JEdnF1ajh5b0cwc1VyV1FIVkhGVFFLeGVPWUxNZ1ZWOD0=,,,./0.png
16.5285840067598,47.2455240017975,VA/KTHF-HO/00122-6/2021,2021/06/29,HR/20210629/0018,47.245524000000003,16.528583999999999,459349.619999999995343,214347.179999999993015,0106/1,TORONY,TORONY,"Építési-bontási, Vegyes, Zöld",1-5m3,"Ömlesztve szabadon, Zsákban",,Novák Mónika,,https://attach.hulladekradar.hu/photos/OTgramw5UnV1WFNrRno5UlhSMGdSTVVyV1FIVkhGVFFLeGVPWUxNZ1ZWOD0=,,,./0.png
16.5370980067582,47.2282270017968,VA/KTHF-HO/00122-7/2021,2021/07/04,HR/20210704/0026,47.228226999999997,16.537098000000000,459932.119999999995343,212404.600000000005821,"044",TORONY,TORONY,"Elektromos, elektronikai, Építési-bontási, Gumiabroncs, Vegyes",több mint 5m3,Ömlesztve szabadon,,Szűcs Zoltán,,https://attach.hulladekradar.hu/photos/bmxSUTZHQThLS25rcXhoWitCOGZtc1VyV1FIVkhGVFFLeGVPWUxNZ1ZWOD0=,VA/KTHF-HO/375-1/2021,,./0.png
16.6379210067458,47.2239090017864,VA/KTHF-HO/00122-8/2021,2021/07/11,HR/20210711/0021,47.223908999999999,16.637920999999999,467548.510000000009313,211684.420000000012806,"8615",SZOMBATHELY,SZOMBATHELY,Gumiabroncs,1-5m3,Ömlesztve szabadon,,Haszonics Petra,ismételt bejelentés,https://attach.hulladekradar.hu/photos/TndoMDhOSWNmNnJvV3pmMVRVRTIzTVVyV1FIVkhGVFFLeGVPWUxNZ1ZWOD0=,,,./0.png
17.0988350066891,47.2251130017386,VA/KTHF-HO/00122-8/2021,2021/07/11,HR/20210711/0022,47.225113000000000,17.098835000000001,502444.539999999979045,210844.799999999988358,"042",MESTERI,MESTERI,Vegyes,kevesebb mint 1m3,Ömlesztve szabadon,,Horváth-Őri György,,https://attach.hulladekradar.hu/photos/SDMvcGtaSFlNUGZQZmswdE5nMTRTc1VyV1FIVkhGVFFLeGVPWUxNZ1ZWOD0=,,,./0.png
16.6408320067454,47.2200330017861,VA/KTHF-HO/00122-8/2021,2021/07/12,HR/20210712/0030,47.220033000000001,16.640832000000000,467755.570000000006985,211246.890000000013970,"8148",SZOMBATHELY,SZOMBATHELY,"Vegyes, Zöld",1-5m3,Ömlesztve szabadon,,Radányi Zsuzsanna,,https://attach.hulladekradar.hu/photos/UFFIWDBsWkxmQzltSUwyN0FkekZoOFVyV1FIVkhGVFFLeGVPWUxNZ1ZWOD0=,,,./0.png
16.6407260067454,47.2203700017861,VA/KTHF-HO/00122-8/2021,2021/07/12,HR/20210712/0031,47.220370000000003,16.640726000000001,467748.729999999981374,211284.670000000012806,"8149",SZOMBATHELY,SZOMBATHELY,"Építési-bontási, Vegyes",1-5m3,Ömlesztve szabadon,,Radányi Zsuzsanna,,https://attach.hulladekradar.hu/photos/NU5sc0JUdFpVUHQzajhwREFJY0NnY1VyV1FIVkhGVFFLeGVPWUxNZ1ZWOD0=,,,./0.png
17.1499840066834,47.248339001733,VA/KTHF-HO/00122-8/2021,2021/07/13,HR/20210713/0002,47.248339000000001,17.149984000000000,506379.649999999965075,213330.649999999994179,1859/1,CELLDÖMÖLK,CELLDÖMÖLK,Roncsautó,több mint 5m3,Ömlesztve szabadon,,Nagy Sándor,,https://attach.hulladekradar.hu/photos/QUZqYXhqZWJZczgxbGc4elAzWHhMc1VyV1FIVkhGVFFLeGVPWUxNZ1ZWOD0=,,,./0.png
17.1500770066834,47.248431001733,VA/KTHF-HO/00122-8/2021,2021/07/13,HR/20210713/0003,47.248430999999997,17.150077000000000,506386.960000000020955,213340.739999999990687,1859/1,CELLDÖMÖLK,CELLDÖMÖLK,"Építési-bontási, Gumiabroncs, Roncsautó",több mint 5m3,Ömlesztve szabadon,,Nagy Sándor,ismételt bejelentés,https://attach.hulladekradar.hu/photos/aU5EdlAyZDdOWEdNbzlZUWlGY2pDTVVyV1FIVkhGVFFLeGVPWUxNZ1ZWOD0=,,,./0.png
16.6104440067428,47.0020290017916,VA/KTHF-HO/00122-8/2021,2021/07/15,HR/20210715/0001,47.002029000000000,16.610444000000001,464699.409999999974389,187095.450000000011642,0254/481,KÖRMEND,KÖRMEND,Építési-bontási,kevesebb mint 1m3,Ömlesztve szabadon,2021/07/28,Tóth Andrea,,https://attach.hulladekradar.hu/photos/WXRadVlPWVJ3cytJT3QyR0FFQnk3TVVyV1FIVkhGVFFLeGVPWUxNZ1ZWOD0=,,,./0.png
17.1234720066867,47.2452580017358,VA/KTHF-HO/00122-8/2021,2021/07/15,HR/20210715/0006,47.245258000000000,17.123472000000000,504364.880000000004657,213037.369999999995343,"0502",CELLDÖMÖLK,CELLDÖMÖLK,"Vegyes, Zöld",kevesebb mint 1m3,"Ömlesztve szabadon, Zsákban",,Kovács Levente,,https://attach.hulladekradar.hu/photos/TkFzNGJIQlhIOEo5MU1IbDFYaEtqY1VyV1FIVkhGVFFLeGVPWUxNZ1ZWOD0=,,,./0.png
17.1227750066867,47.2451700017359,VA/KTHF-HO/00122-8/2021,2021/07/15,HR/20210715/0007,47.245170000000002,17.122775000000001,504311.919999999983702,213028.850000000005821,"0502",CELLDÖMÖLK,CELLDÖMÖLK,Gumiabroncs,1-5m3,Ömlesztve szabadon,,Kovács Levente,,https://attach.hulladekradar.hu/photos/TEZGMzRKNmhIVlFHRWxYSThDOHNUc1VyV1FIVkhGVFFLeGVPWUxNZ1ZWOD0=,,,./0.png
17.1152100066876,47.2437500017367,VA/KTHF-HO/00122-8/2021,2021/07/15,HR/20210715/0008,47.243749999999999,17.115210000000001,503735.500000000000000,212885.170000000012806,"0502",CELLDÖMÖLK,CELLDÖMÖLK,Veszélyes,kevesebb mint 1m3,Ömlesztve szabadon,,Kovács Levente,,https://attach.hulladekradar.hu/photos/b0twR3NIUXZWYWVJZVlwbjlnVGlUc1VyV1FIVkhGVFFLeGVPWUxNZ1ZWOD0=,,,./0.png
